{"stats":{"minecraft:mined":{"minecraft:sandstone":1},"minecraft:custom":{"minecraft:time_since_rest":4500,"minecraft:sprint_one_cm":11151,"minecraft:play_time":4500,"minecraft:damage_taken":176,"minecraft:walk_one_cm":12241,"minecraft:drop":1,"minecraft:jump":95,"minecraft:damage_dealt":78,"minecraft:leave_game":2,"minecraft:time_since_death":4500,"minecraft:total_world_time":4500,"minecraft:fall_one_cm":3733,"minecraft:fly_one_cm":20392},"minecraft:used":{"minecraft:golden_sword":2,"minecraft:melon_slice":6,"minecraft:jungle_planks":12,"minecraft:iron_pickaxe":1,"tombstone:gift":1},"minecraft:picked_up":{"minecraft:sandstone":1,"iceandfire:dragonbone":26,"minecraft:poisonous_potato":2,"iceandfire:dragon_skull_fire":2,"minecraft:sandstone_stairs":1,"minecraft:sand":11,"minecraft:bread":2,"minecraft:chiseled_sandstone":1,"minecraft:coal":2},"minecraft:dropped":{"iceandfire:dragonbone":1}},"DataVersion":3465}