{"stats":{"minecraft:mined":{"minecraft:flowering_azalea":1,"minecraft:jungle_leaves":1,"minecraft:clay":3,"minecraft:crafting_table":4,"minecraft:torch":4,"minecraft:grass_block":1,"minecraft:melon":26,"minecraft:jungle_planks":3,"minecraft:jungle_log":53,"minecraft:rose_bush":1,"minecraft:tall_grass":1,"minecraft:moss_block":1,"minecraft:wall_torch":1,"minecraft:furnace":3,"minecraft:iron_ore":12,"minecraft:fire":68,"minecraft:birch_leaves":2,"minecraft:yellow_bed":3,"minecraft:grass":16,"minecraft:oak_log":31,"minecraft:coal_ore":19,"minecraft:vine":3,"minecraft:gravel":31,"minecraft:stone":94,"minecraft:oak_leaves":12,"minecraft:fern":10},"minecraft:broken":{"minecraft:golden_sword":1,"minecraft:wooden_axe":1,"minecraft:wooden_pickaxe":1},"minecraft:custom":{"minecraft:interact_with_furnace":20,"minecraft:mob_kills":25,"minecraft:interact_with_crafting_table":17,"minecraft:leave_game":2,"minecraft:time_since_death":868,"minecraft:sleep_in_bed":2,"minecraft:climb_one_cm":9006,"minecraft:time_since_rest":1004,"minecraft:sprint_one_cm":150303,"minecraft:damage_taken":1394,"minecraft:walk_one_cm":157473,"minecraft:drop":7,"minecraft:damage_dealt":2747,"minecraft:swim_one_cm":18090,"minecraft:fly_one_cm":189573,"minecraft:open_chest":3,"minecraft:crouch_one_cm":2896,"minecraft:play_time":82064,"tombstone:undead_killed":3,"minecraft:deaths":2,"minecraft:sneak_time":1016,"minecraft:walk_under_water_one_cm":11200,"minecraft:jump":1224,"minecraft:walk_on_water_one_cm":7535,"minecraft:total_world_time":82064,"minecraft:interact_with_smoker":4,"minecraft:fall_one_cm":33338},"minecraft:crafted":{"minecraft:cooked_beef":1,"minecraft:oak_planks":36,"minecraft:cooked_porkchop":6,"minecraft:crafting_table":2,"minecraft:wooden_pickaxe":1,"minecraft:furnace":1,"minecraft:bucket":1,"minecraft:stone_axe":1,"minecraft:cooked_mutton":1,"minecraft:air":0,"minecraft:jungle_planks":208,"minecraft:shield":1,"minecraft:stick":4,"minecraft:iron_ingot":11,"minecraft:iron_pickaxe":1,"minecraft:stone_pickaxe":1,"minecraft:wooden_axe":1,"minecraft:stone_sword":3,"minecraft:torch":4},"minecraft:killed":{"minecraft:cat":1,"minecraft:pig":4,"minecraft:horse":2,"minecraft:sheep":7,"minecraft:zombie":3,"minecraft:chicken":5,"minecraft:cow":1},"minecraft:picked_up":{"minecraft:crafting_table":5,"minecraft:feather":6,"minecraft:chicken":5,"minecraft:clay_ball":12,"minecraft:jungle_log":52,"minecraft:leather":3,"minecraft:flint":1,"minecraft:oak_log":29,"minecraft:yellow_bed":3,"minecraft:dirt":1,"minecraft:bone":2,"minecraft:wheat_seeds":1,"alexsmobs:banana":1,"minecraft:beef":2,"minecraft:rose_bush":1,"minecraft:jungle_sapling":6,"minecraft:melon_slice":104,"croptopia:roe":2,"minecraft:flowering_azalea":1,"minecraft:furnace":3,"minecraft:stick":11,"minecraft:raw_iron":11,"minecraft:torch":6,"minecraft:gravel":24,"minecraft:porkchop":9,"minecraft:jungle_planks":3,"minecraft:stone_sword":1,"minecraft:rotten_flesh":2,"minecraft:tropical_fish":2,"minecraft:bone_meal":1,"minecraft:oak_sapling":10,"minecraft:black_wool":1,"minecraft:mutton":13,"minecraft:coal":18,"minecraft:white_wool":7,"minecraft:cobblestone":91},"minecraft:used":{"minecraft:cooked_mutton":1,"minecraft:stone_sword":143,"minecraft:tropical_fish":2,"minecraft:oak_planks":14,"minecraft:stone_pickaxe":52,"minecraft:wooden_pickaxe":59,"minecraft:torch":6,"minecraft:crafting_table":6,"minecraft:jungle_planks":88,"minecraft:carrot":2,"minecraft:wooden_axe":61,"minecraft:melon_slice":52,"minecraft:iron_pickaxe":25,"minecraft:gravel":23,"minecraft:golden_sword":43,"minecraft:stone_axe":39,"minecraft:furnace":3,"minecraft:bucket":1,"alexsmobs:banana":1,"minecraft:yellow_bed":2},"minecraft:killed_by":{"minecraft:zombie":1},"minecraft:dropped":{"minecraft:gravel":1,"minecraft:wheat_seeds":1,"minecraft:stone_sword":2,"minecraft:cobblestone":16,"minecraft:flint":1,"minecraft:dirt":1}},"DataVersion":3465}