{"stats":{"minecraft:custom":{"minecraft:jump":43,"minecraft:time_since_rest":1734,"minecraft:damage_dealt":560,"tombstone:undead_killed":2,"minecraft:sprint_one_cm":4265,"minecraft:walk_on_water_one_cm":458,"minecraft:play_time":1734,"minecraft:damage_taken":88,"minecraft:time_since_death":1734,"minecraft:walk_one_cm":6207,"minecraft:total_world_time":1734,"minecraft:walk_under_water_one_cm":1384,"minecraft:mob_kills":2,"minecraft:fall_one_cm":1045,"minecraft:fly_one_cm":7516},"minecraft:killed":{"minecraft:husk":2},"minecraft:used":{"minecraft:stone_sword":10,"minecraft:apple":5},"minecraft:picked_up":{"minecraft:rotten_flesh":1,"minecraft:chiseled_sandstone":1}},"DataVersion":3465}